STATEFP,COUNTYFP,COUNTYNS,AFFGEOID,GEOID,NAME,NAMELSAD,STUSPS,STATE_NAME,LSAD,ALAND,AWATER,geometry
36,117,00974156,0500000US36117,36117,Wayne,Wayne County,NY,New York,06,1563912969,2018185131,"list(list(c(-77.3760519959534, -77.341092, -77.264177, -77.130429, -76.999691, -76.952174, -76.841675, -76.769025, -76.7220025657128, -76.702324, -76.713806, -76.963926, -77.133397, -77.215839, -77.246804, -77.371478, -77.3760519959534, 43.274033763487, 43.280661, 43.277363, 43.285635, 43.271456, 43.270692, 43.305399, 43.318452, 43.3375801959814, 43.080159, 43.024035, 43.013157, 43.012463, 43.039844, 43.034663, 43.034696, 43.274033763487)))"
36,087,00974142,0500000US36087,36087,Rockland,Rockland County,NY,New York,06,449217749,66844037,"list(list(c(-74.2343628312304, -73.981384, -73.982532, -73.970784, -73.88748, -73.893579, -73.893979, -74.041054, -74.2116176431986, -74.2343628312304, 41.1428352715346, 41.324693, 41.321824, 41.247893, 41.138295, 41.005297, 40.997197, 41.059088, 41.1329813635363, 41.1428352715346)))"
36,037,00974117,0500000US36037,36037,Genesee,Genesee County,NY,New York,06,1276705561,6137411,"list(list(c(-78.465505, -77.99729, -77.905934, -77.904121, -77.909832, -77.95553, -77.954964, -78.074171, -78.464381, -78.464449, -78.465505, 43.128619, 43.132981, 43.133561, 43.037056, 42.987762, 42.905861, 42.862754, 42.870188, 42.867461, 43.088703, 43.128619)))"
36,061,00974129,0500000US36061,36061,New York,New York County,NY,New York,06,58679457,29014840,"list(list(c(-74.0234915337322, -74.013784, -73.9845857755727, -73.9712111786194, -73.968082, -73.9658345170463, -73.912456, -73.920999, -73.962478, -73.962645, -73.965572, -74.0309270856838, -74.0234915337322, 40.7374531654873, 40.756601, 40.7975527523865, 40.8163111938137, 40.8207, 40.8247452595586, 40.796096, 40.781749, 40.736802, 40.722747, 40.71895, 40.7227867504936, 40.7374531654873)))"
36,113,00974154,0500000US36113,36113,Warren,Warren County,NY,New York,06,2246082354,166754984,"list(list(c(-74.214625, -74.057005, -73.43812, -73.49291, -73.636651, -73.59496, -73.73997, -73.767498, -73.835811, -73.825828, -73.884139, -74.1601, -74.214625, 43.728703, 43.744513, 43.803687, 43.657139, 43.497242, 43.306118, 43.264709, 43.222123, 43.253756, 43.305348, 43.398041, 43.371532, 43.728703)))"
36,057,00974127,0500000US36057,36057,Montgomery,Montgomery County,NY,New York,06,1044051408,18614750,"list(list(c(-74.743805, -74.759895, -74.542367, -74.488844, -74.097467, -74.096897, -74.09298, -74.083883, -74.263314, -74.289446, -74.411384, -74.454911, -74.648298, -74.763303, -74.743805, 43.030741, 43.047423, 42.98553, 42.985118, 42.982934, 42.979378, 42.955868, 42.897354, 42.796534, 42.783805, 42.77649, 42.772979, 42.829558, 42.863237, 43.030741)))"
36,001,00974099,0500000US36001,36001,Albany,Albany County,NY,New York,06,1354273421,26971925,"list(list(c(-74.263185, -74.241572, -74.169725, -74.180274, -73.832618, -73.809369, -73.726663, -73.676762, -73.761265, -73.773161, -73.783721, -74.254303, -74.263185, 42.423213, 42.550802, 42.667426, 42.729979, 42.772263, 42.778869, 42.822577, 42.783277, 42.610379, 42.509377, 42.464231, 42.408207, 42.423213)))"
36,053,00974125,0500000US36053,36053,Madison,Madison County,NY,New York,06,1696054036,16691322,"list(list(c(-75.992428, -75.979489, -75.959359, -75.955599, -75.932778, -75.884275, -75.723929, -75.552774, -75.542803, -75.444173, -75.437167, -75.247963, -75.251416, -75.295877, -75.428668, -75.889832, -75.896079, -75.917189, -75.975588, -75.993394, -75.992428, 43.185164, 43.177401, 43.180389, 43.172182, 43.176583, 43.155562, 43.162596, 43.037554, 42.931774, 42.933089, 42.863319, 42.871604, 42.784565, 42.744106, 42.745421, 42.723844, 42.790964, 43.085779, 43.091278, 43.183376, 43.185164)))"
36,099,00974147,0500000US36099,36099,Seneca,Seneca County,NY,New York,06,838372770,172818530,"list(list(c(-76.981334, -76.963926, -76.713806, -76.73674, -76.731636, -76.666543, -76.585989, -76.696655, -76.895596, -76.895349, -76.947641, -76.971392, -76.981334, 42.861213, 43.013157, 43.024035, 42.970286, 42.72074, 42.623457, 42.54991, 42.54679, 42.541537, 42.656255, 42.759179, 42.764223, 42.861213)))"
36,017,00974107,0500000US36017,36017,Chenango,Chenango County,NY,New York,06,2314393901,13046917,"list(list(c(-75.889832, -75.428668, -75.295877, -75.330143, -75.403626, -75.374905, -75.415319, -75.418421, -75.483638, -75.63711, -75.638299, -75.836502, -75.86402, -75.889832, 42.723844, 42.745421, 42.744106, 42.568082, 42.509063, 42.410784, 42.314151, 42.195032, 42.195183, 42.195628, 42.248686, 42.244283, 42.415702, 42.723844)))"
36,059,00974128,0500000US36059,36059,Nassau,Nassau County,NY,New York,06,736959587,437291722,"list(list(c(-73.778958, -73.74806, -73.7411972449486, -73.713674, -73.654372, -73.617571, -73.499941, -73.4973510386263, -73.462259, -73.438617, -73.435582, -73.423275, -73.4241151206597, -73.4848683943471, -73.507325, -73.640902, -73.7506217216563, -73.741661, -73.724874, -73.728224, -73.72563, -73.727047, -73.729176, -73.72472, -73.701633, -73.750817, -73.778958, 40.811713, 40.871721, 40.8758545928374, 40.870099, 40.878199, 40.897898, 40.918166, 40.9231822732944, 40.86671, 40.751287, 40.734635, 
40.670483, 40.6132119188686, 40.5987548537602, 40.593411, 40.582823, 40.5893197671277, 40.642198, 40.653447, 40.665965, 40.679588, 40.709497, 40.719167, 40.724298, 40.752493, 40.782887, 40.811713)))"
36,021,00974109,0500000US36021,36021,Columbia,Columbia County,NY,New York,06,1643770717,35071400,"list(list(c(-73.910675, -73.786832, -73.783721, -73.352527, -73.4106444074273, -73.508142, -73.4896799420321, -73.527072, -73.71093, -73.929626, -73.910675, 42.127293, 42.273007, 42.464231, 42.510002, 42.3517462996479, 42.086257, 42.0537977095867, 41.97798, 42.005488, 42.078778, 42.127293)))"
36,107,00974151,0500000US36107,36107,Tioga,Tioga County,NY,New York,06,1343600014,11044570,"list(list(c(-76.563589, -76.538349, -76.416199, -76.415305, -76.250149, -76.253359, -76.130181, -76.080666, -76.108949, -76.104829, -76.10584, -76.1455189947821, -76.462155, -76.473030885808, -76.5576987221493, -76.563589, 42.152463, 42.281755, 42.262976, 42.318368, 42.296676, 42.407568, 42.410337, 42.257985, 42.074574, 42.031568, 41.998858, 41.998866463308, 41.998934, 41.999072381007, 42.0001496652537, 42.152463)))"
36,009,00974103,0500000US36009,36009,Cattaraugus,Cattaraugus County,NY,New York,06,3388125876,36783591,"list(list(c(-79.060777, -78.991702, -78.919766, -78.695937, -78.46394, -78.450447, -78.308839, -78.3081443402607, -78.59665, -78.9188983633788, -78.983065, -79.0612581876299, -79.060777, 42.537853, 42.529249, 42.442386, 42.47194, 42.536332, 42.519209, 42.521217, 41.9990711776986, 41.999877, 41.9991031002259, 41.998949, 41.9988381187249, 42.537853)))"
36,003,00974100,0500000US36003,36003,Allegany,Allegany County,NY,New York,06,2666225086,12989848,"list(list(c(-78.308839, -78.038261, -77.840694, -77.840231, -77.722964, -77.749932223724, -77.83203, -78.031177, -78.2063790981571, -78.271204, -78.3081443402607, -78.308839, 42.521217, 42.521522, 42.517771, 42.474576, 42.471216, 41.9987554366682, 41.998524, 41.999415, 41.9990887227984, 41.998968, 41.9990711776986, 42.521217)))"
36,073,00974135,0500000US36073,36073,Orleans,Orleans County,NY,New York,06,1013366838,1103741900,"list(list(c(-78.4655511875961, -78.329374, -78.145195, -77.9955897949384, -77.995698, -77.99729, -78.465505, -78.4655511875961, 43.3708954221664, 43.373149, 43.37551, 43.3653102556776, 43.284963, 43.132981, 43.128619, 43.3708954221664)))"
36,013,00974105,0500000US36013,36013,Chautauqua,Chautauqua County,NY,New York,06,2746454150,1139025723,"list(list(c(-79.761951, -79.627484, -79.453533, -79.381943, -79.283364, -79.193232, -79.138569, -79.1359444040216, -79.107778, -79.060777, -79.0612581876299, -79.472472, -79.6108357749867, -79.761313, -79.762122, -79.761951, 42.26986, 42.324686, 42.411157, 42.466491, 42.511228, 42.545881, 42.564462, 42.5691787099736, 42.569965, 42.537853, 41.9988381187249, 41.998255, 41.9985199041084, 41.998808, 42.131246, 42.26986)))"
36,041,00974119,0500000US36041,36041,Hamilton,Hamilton County,NY,New York,06,4447989312,234204424,"list(list(c(-74.775617, -74.854171, -74.535156, -74.28187, -74.255998, -74.336826, -74.213734, -74.149076, -74.047062, -74.057005, -74.214625, -74.1601, -74.140147, -74.220902, -74.326378, -74.534657, -74.712615, -74.867712, -74.775617, 43.486677, 44.070089, 44.09925, 44.120552, 43.969797, 43.925223, 43.810875, 43.829613, 43.796343, 43.744513, 43.728703, 43.371532, 43.253979, 43.221403, 43.241635, 43.228115, 43.286143, 43.339826, 43.486677)))"
36,067,00974132,0500000US36067,36067,Onondaga,Onondaga County,NY,New York,06,2016027798,70512843,"list(list(c(-76.479224, -76.258951, -76.198748, -76.21083, -76.078672, -75.993394, -75.975588, -75.917189, -75.896079, -76.274673, -76.356974, -76.450738, -76.491941, -76.479224, 43.227519, 43.237468, 43.212568, 43.268473, 43.19941, 43.183376, 43.091278, 43.085779, 42.790964, 42.771257, 42.84945, 42.84576, 43.004964, 43.227519)))"
36,035,00974116,0500000US36035,36035,Fulton,Fulton County,NY,New York,06,1283234687,96916403,"list(list(c(-74.763614, -74.695985, -74.712615, -74.534657, -74.326378, -74.220902, -74.140147, -74.097467, -74.488844, -74.542367, -74.759895, -74.763614, 43.057962, 43.174177, 43.286143, 43.228115, 43.241635, 43.221403, 43.253979, 42.982934, 42.985118, 42.98553, 43.047423, 43.057962)))"
36,063,00974130,0500000US36063,36063,Niagara,Niagara County,NY,New York,06,1352887560,1598842379,"list(list(c(-79.060206, -79.0552524409396, -79.044567, -79.052868, -79.070469, -78.834061, -78.547395, -78.4655511875961, -78.465505, -78.464449, -78.510384, -78.603989, -78.727647, -78.744015, -78.83126, -78.825366, -78.83935, -78.868756, -78.890159, -78.89326, -78.90586, -78.945262, -79.0195778848943, -79.074467, -79.060206, 43.124799, 43.133812266617, 43.153255, 43.222054, 43.262454, 43.317555, 43.369541, 43.3708954221664, 43.128619, 43.088703, 43.097958, 43.072025, 43.08622, 43.070376, 43.050246, 
43.033656, 43.019453, 43.023262, 43.021956, 43.038756, 43.051556, 43.066956, 43.0662964678904, 43.077855, 43.124799)))"
36,095,00974145,0500000US36095,36095,Schoharie,Schoharie County,NY,New York,06,1610503552,11676951,"list(list(c(-74.630631, -74.667512, -74.648298, -74.454911, -74.411384, -74.289446, -74.263314, -74.272295, -74.180274, -74.169725, -74.241572, -74.263185, -74.254303, -74.244692, -74.443506, -74.618895, -74.71158, -74.630631, 42.626674, 42.75071, 42.829558, 42.772979, 42.77649, 42.783805, 42.796534, 42.71427, 42.729979, 42.667426, 42.550802, 42.423213, 42.408207, 42.377159, 42.355017, 42.424389, 42.517799, 42.626674)))"
36,075,00974136,0500000US36075,36075,Oswego,Oswego County,NY,New York,06,2464751380,933476017,"list(list(c(-76.6172137325776, -76.515882, -76.417581, -76.370942837669, -76.368849, -76.319701, -76.235834, -76.203473, -76.196596, -76.2014825473857, -76.022003, -76.025087, -75.774553, -75.756213, -75.814627, -75.886756, -75.884275, -75.932778, -75.955599, -75.959359, -75.979489, -75.992428, -75.993394, -76.078672, -76.21083, -76.198748, -76.258951, -76.479224, -76.605012, -76.6172137325776, 43.4201755544656, 43.471136, 43.521285, 43.5256270615303, 43.525822, 43.512275, 43.529256, 43.574978, 43.649761, 
43.6802859602237, 43.668143, 43.707018, 43.688884, 43.470388, 43.483578, 43.325021, 43.155562, 43.176583, 43.172182, 43.180389, 43.177401, 43.185164, 43.183376, 43.19941, 43.268473, 43.212568, 43.237468, 43.227519, 43.25357, 43.4201755544656)))"
36,005,00974101,0500000US36005,36005,Bronx,Bronx County,NY,New York,06,109224611,39362153,"list(list(c(-73.9474845690832, -73.938081, -73.9348922281485, -73.9220308521501, -73.9204843942222, -73.851123, -73.824047, -73.74806, -73.778958, -73.827583, -73.846654, -73.912456, -73.9658345170463, -73.9474845690832, 40.8577734532874, 40.874699, 40.8826498616415, 40.914718327448, 40.9185742549309, 40.910009, 40.889866, 40.871721, 40.811713, 40.803936, 40.801024, 40.796096, 40.8247452595586, 40.8577734532874)))"
36,123,00974159,0500000US36123,36123,Yates,Yates County,NY,New York,06,875777224,97488350,"list(list(c(-77.366996, -77.337605, -77.313004, -76.971392, -76.947641, -76.895349, -76.895596, -76.889805, -76.987913, -76.989329, -77.107203, -77.143795, -77.366505, -77.366996, 42.65507, 42.732666, 42.761265, 42.764223, 42.759179, 42.656255, 42.541537, 42.463054, 42.463239, 42.484821, 42.483771, 42.576869, 42.576368, 42.65507)))"
36,015,00974106,0500000US36015,36015,Chemung,Chemung County,NY,New York,06,1054988422,8875327,"list(list(c(-76.965028, -76.733912, -76.732677, -76.642256, -76.619303, -76.538349, -76.563589, -76.5576987221493, -76.558118, -76.9268462547428, -76.9657915095295, -76.965028, 42.278495, 42.29372, 42.248052, 42.233721, 42.282853, 42.281755, 42.152463, 42.0001496652537, 42.000155, 42.0007234516504, 42.0007834917859, 42.278495)))"
36,083,00974140,0500000US36083,36083,Rensselaer,Rensselaer County,NY,New York,06,1689859763,33525770,"list(list(c(-73.773161, -73.761265, -73.676762, -73.672355, -73.683074, -73.660433, -73.635463, -73.430623, -73.273832807021, -73.278673, -73.290944, -73.264957, -73.3070040761806, -73.352527, -73.783721, -73.773161, 42.509377, 42.610379, 42.783277, 42.795791, 42.903776, 42.932534, 42.94129, 42.95865, 42.9436317475265, 42.83341, 42.80192, 42.74594, 42.6326534514115, 42.510002, 42.464231, 42.509377)))"
36,065,00974131,0500000US36065,36065,Oneida,Oneida County,NY,New York,06,3139921908,117357161,"list(list(c(-75.886756, -75.814627, -75.756213, -75.5335, -75.11016, -75.076581, -75.161886, -75.16035, -75.158403, -75.157553, -75.156681, -75.155362, -75.155066, -75.154759, -75.154246, -75.153453, -75.152785, -75.152504, -75.152904, -75.152983, -75.152468, -75.151296, -75.15143, -75.151581, -75.151813, -75.1516, -75.150974, -75.149769, -75.149341, -75.148609, -75.148243, -75.147907, -75.148207, -75.148548, -75.148717, -75.148566, -75.147996, -75.147288, -75.14552, -75.14525, -75.144841, -75.144744, 
-75.144426, -75.143828, -75.143185, -75.142703, -75.142336, -75.141946, -75.140883, -75.13885, -75.138019, -75.137661, -75.137101, -75.136398, -75.134887, -75.131792, -75.127571, -75.126848, -75.126325, -75.125966, -75.125467, -75.124326, -75.123923, -75.123725, -75.123622, -75.123191, -75.123342, -75.123096, -75.122684, -75.122197, -75.120563, -75.119722, -75.119068, -75.117704, -75.116653, -75.11539, -75.114188, -75.113685, -75.112965, -75.111954, -75.111136, -75.109574, -75.107536, -75.106606, 
-75.105415, -75.104119, -75.102443, -75.101268, -75.099952, -75.097724, -75.094075, -75.093113, -75.090899, -75.088627, -75.088129, -75.086798, -75.085241, -75.083933, -75.082566, -75.081823, -75.081266, -75.080889, -75.079434, -75.077593, -75.076818, -75.075285, -75.074489, -75.073673, -75.073002, -75.071492, -75.070654, -75.070264, -75.069959, -75.07014, -75.070597, -75.072006, -75.0728, -75.073529, -75.073748, -75.073787, -75.073494, -75.072826, -75.072161, -75.07066, -75.069165, -75.219106, -75.212158, 
-75.247963, -75.437167, -75.444173, -75.542803, -75.552774, -75.723929, -75.884275, -75.886756, 43.325021, 43.483578, 43.470388, 43.419756, 43.615229, 43.330705, 43.257349, 43.255805, 43.25554, 43.255562, 43.255844, 43.256688, 43.257097, 43.257975, 43.258649, 43.258718, 43.258328, 43.257811, 43.256355, 43.25497, 43.253623, 43.251866, 43.250352, 43.250069, 43.24807, 43.247437, 43.246903, 43.246682, 43.246727, 43.247033, 43.247345, 43.248469, 43.249169, 43.249649, 43.250069, 43.250542, 43.251412, 43.251991, 
43.252219, 43.252387, 43.253089, 43.254583, 43.25504, 43.255198, 43.255174, 43.255001, 43.253667, 43.2527, 43.251792, 43.251063, 43.250069, 43.249923, 43.24924, 43.2487, 43.248318, 43.247886, 43.247572, 43.247387, 43.247414, 43.247236, 43.247225, 43.246758, 43.2465, 43.245862, 43.244775, 43.242944, 43.241762, 43.241357, 43.241048, 43.240868, 43.2404, 43.240102, 43.239782, 43.239222, 43.238995, 43.238967, 43.239197, 43.239072, 43.238727, 43.238106, 43.237736, 43.237158, 43.236808, 43.23655, 43.236152, 
43.235488, 43.234563, 43.233827, 43.233074, 43.232272, 43.231046, 43.230787, 43.230492, 43.2305, 43.230466, 43.230506, 43.23047, 43.230538, 43.230798, 43.231121, 43.231566, 43.231763, 43.232047, 43.233035, 43.233382, 43.234332, 43.234622, 43.234791, 43.234817, 43.23448, 43.234037, 43.233622, 43.232952, 43.23257, 43.232234, 43.231921, 43.231673, 43.231072, 43.230394, 43.229505, 43.228657, 43.227894, 43.227622, 43.22739, 43.227333, 43.052469, 42.879973, 42.871604, 42.863319, 42.933089, 42.931774, 43.037554, 
43.162596, 43.155562, 43.325021)))"
36,051,00974124,0500000US36051,36051,Livingston,Livingston County,NY,New York,06,1636254771,22005356,"list(list(c(-78.060899, -77.956334, -77.954964, -77.95553, -77.909832, -77.730957, -77.759052, -77.580377, -77.61167, -77.598815, -77.486875, -77.490889, -77.659917, -77.661315, -77.720617, -77.722964, -77.840231, -77.840694, -78.038261, -78.060899, 42.53316, 42.667322, 42.862754, 42.905861, 42.987762, 42.988372, 42.940462, 42.943963, 42.763169, 42.671965, 42.670279, 42.577288, 42.580409, 42.535067, 42.535066, 42.471216, 42.474576, 42.517771, 42.521522, 42.53316)))"
36,081,00974139,0500000US36081,36081,Queens,Queens County,NY,New York,06,281594050,188444349,"list(list(c(-73.962478, -73.920999, -73.912456, -73.846654, -73.827583, -73.778958, -73.750817, -73.701633, -73.72472, -73.729176, -73.727047, -73.72563, -73.728224, -73.724874, -73.741661, -73.7506217216563, -73.774928, -73.8254940011311, -73.848338, -73.863787, -73.868717, -73.879616, -73.896518, -73.922711, -73.923127, -73.962478, 40.736802, 40.781749, 40.796096, 40.801024, 40.803936, 40.811713, 40.782887, 40.752493, 40.724298, 40.719167, 40.709497, 40.679588, 40.665965, 40.653447, 40.642198, 
40.5893197671277, 40.590759, 40.5761495789939, 40.643521, 40.681114, 40.694622, 40.691106, 40.682397, 40.716478, 40.717024, 40.736802)))"
36,091,00974143,0500000US36091,36091,Saratoga,Saratoga County,NY,New York,06,2097880439,87571790,"list(list(c(-74.1601, -73.884139, -73.825828, -73.835811, -73.767498, -73.73997, -73.59496, -73.577876, -73.635463, -73.660433, -73.683074, -73.672355, -73.676762, -73.726663, -73.809369, -73.895938, -73.904386, -73.955458, -74.09298, -74.096897, -74.097467, -74.140147, -74.1601, 43.371532, 43.398041, 43.305348, 43.253756, 43.222123, 43.264709, 43.306118, 43.056888, 42.94129, 42.932534, 42.903776, 42.795791, 42.783277, 42.822577, 42.778869, 42.851076, 42.911163, 42.897306, 42.955868, 42.979378, 42.982934, 
43.253979, 43.371532)))"
36,085,00974141,0500000US36085,36085,Richmond,Richmond County,NY,New York,06,148982680,117441533,"list(list(c(-74.249211, -74.216839, -74.203688, -74.202247, -74.2001860628537, -74.170611, -74.1601467831532, -74.086806, -74.0710905992629, -74.055749, -74.05663, -74.041393, -74.0379705239158, -74.057316, -74.112585, -74.199923, -74.260611, -74.249211, 40.545064, 40.558618, 40.592691, 40.630903, 40.6318401804838, 40.645289, 40.6460765164448, 40.651596, 40.6670634911162, 40.651476, 40.627287, 40.603106, 40.5895708663395, 40.597546, 40.547603, 40.511729, 40.502436, 40.545064)))"
36,031,00974114,0500000US36031,36031,Essex,Essex County,NY,New York,06,4646753187,316350557,"list(list(c(-74.255998, -74.28187, -74.09349, -74.141424, -73.909687, -73.669281, -73.496604, -73.463838, -73.3479832324265, -73.312871, -73.293613, -73.320954, -73.334637, -73.324229, -73.3174559746651, -73.316618, -73.349889, -73.395399, -73.3997678505892, -73.416319, -73.43688, -73.405977, -73.411248, -73.407742, -73.374051, -73.390302, -73.3825261495399, -73.43812, -74.057005, -74.047062, -74.149076, -74.213734, -74.336826, -74.255998, 43.969797, 44.120552, 44.137615, 44.407268, 44.429699, 44.441355, 
44.486081, 44.537681, 44.546162853597, 44.507246, 44.440559, 44.382669, 44.356877, 44.310023, 44.2635221898768, 44.257769, 44.230356, 44.166903, 44.1528105331449, 44.099422, 44.042578, 44.011485, 43.975596, 43.929887, 43.875563, 43.817371, 43.8081589885495, 43.803687, 43.744513, 43.796343, 43.829613, 43.810875, 43.925223, 43.969797)))"
36,069,00974133,0500000US36069,36069,Ontario,Ontario County,NY,New York,06,1668147120,47854414,"list(list(c(-77.61167, -77.580377, -77.482517, -77.485418, -77.371478, -77.246804, -77.215839, -77.133397, -76.963926, -76.981334, -76.971392, -77.313004, -77.337605, -77.366996, -77.366505, -77.455632, -77.490889, -77.486875, -77.598815, -77.61167, 42.763169, 42.943963, 42.943164, 43.034564, 43.034696, 43.034663, 43.039844, 43.012463, 43.013157, 42.861213, 42.764223, 42.761265, 42.732666, 42.65507, 42.576368, 42.576895, 42.577288, 42.670279, 42.671965, 42.763169)))"
36,103,00974149,0500000US36103,36103,Suffolk,Suffolk County,NY,New York,06,2359930478,3786764809,"list(list(c(-72.018926, -71.926802, -71.917281, -72.034754, -72.018926, 41.274114, 41.290122, 41.251333, 41.234818, 41.274114)), list(c(-73.485365, -73.436664, -73.392862, -73.33136, -73.2358274066785, -73.229285, -73.148994, -73.144673, -73.110368, -73.040445, -72.859831, -72.708069, -72.585327, -72.504305, -72.445242, -72.389809, -72.354123, -72.291109, -72.189163, -72.182033, -72.254704, -72.283093, -72.217476, -72.162898, -72.126704, -72.084207, -72.095711, -72.051928, -71.959595, -71.919385, 
-71.856214, -71.936977, -72.097369, -72.298727, -72.39585, -72.757176, -72.923214, -73.012545, -73.1460808692108, -73.20844, -73.306396, -73.351465, -73.4241151206597, -73.423275, -73.435582, -73.438617, -73.462259, -73.4973510386263, -73.485365, 40.946397, 40.934897, 40.955297, 40.929597, 40.9066897675323, 40.905121, 40.928898, 40.955842, 40.971938, 40.964498, 40.966088, 40.977851, 40.997587, 41.043329, 41.086116, 41.108304, 41.139952, 41.155874, 41.193549, 41.178345, 41.110852, 41.067874, 41.040611, 
41.053187, 41.115139, 41.101524, 41.05402, 41.020506, 41.071237, 41.080517, 41.070598, 41.006137, 40.95888, 40.903151, 40.86666, 40.764371, 40.713282, 40.679651, 40.6464079681013, 40.630884, 40.620756, 40.6305, 40.6132119188686, 40.670483, 40.734635, 40.751287, 40.86671, 40.9231822732944, 40.946397)))"
36,077,00974137,0500000US36077,36077,Otsego,Otsego County,NY,New York,06,2594487152,36314099,"list(list(c(-75.374905, -75.403626, -75.330143, -75.295877, -75.251416, -75.247963, -75.212158, -75.210642, -75.100999, -74.906738, -74.878822, -74.763303, -74.648298, -74.667512, -74.630631, -74.71158, -74.844121, -75.197237, -75.415319, -75.374905, 42.410784, 42.509063, 42.568082, 42.744106, 42.784565, 42.871604, 42.879973, 42.856549, 42.908363, 42.824943, 42.898274, 42.863237, 42.829558, 42.75071, 42.626674, 42.517799, 42.512591, 42.358329, 42.314151, 42.410784)))"
36,105,00974150,0500000US36105,36105,Sullivan,Sullivan County,NY,New York,06,2507484145,73737483,"list(list(c(-75.1452931756179, -74.780693, -74.453685, -74.575086, -74.395071, -74.367055, -74.475619, -74.761435, -74.7562718347252, -74.799546, -74.890358, -74.982463, -75.043879, -75.0461986059117, -75.049281, -75.053431, -75.074412, -75.113369, -75.1452931756179, 41.8497375185041, 42.016375, 41.875595, 41.745258, 41.644876, 41.590977, 41.503953, 41.490245, 41.4276274285434, 41.43129, 41.455324, 41.496467, 41.575094, 41.6037640199027, 41.641862, 41.752538, 41.802191, 41.840698, 41.8497375185041
)))"
36,121,00974158,0500000US36121,36121,Wyoming,Wyoming County,NY,New York,06,1535219438,9158067,"list(list(c(-78.464381, -78.074171, -77.954964, -77.956334, -78.060899, -78.038261, -78.308839, -78.450447, -78.46394, -78.463233, -78.486249, -78.464381, 42.867461, 42.870188, 42.862754, 42.667322, 42.53316, 42.521522, 42.521217, 42.519209, 42.536332, 42.780461, 42.85733, 42.867461)))"
36,109,00974152,0500000US36109,36109,Tompkins,Tompkins County,NY,New York,06,1229316849,43785776,"list(list(c(-76.696655, -76.585989, -76.666543, -76.4584, -76.265584, -76.253359, -76.250149, -76.415305, -76.416199, -76.538349, -76.619303, -76.691406, -76.696655, 42.54679, 42.54991, 42.623457, 42.618615, 42.623588, 42.407568, 42.296676, 42.318368, 42.262976, 42.281755, 42.282853, 42.284307, 42.54679)))"
36,019,00974108,0500000US36019,36019,Clinton,Clinton County,NY,New York,06,2687763026,206582007,"list(list(c(-74.0274312115718, -73.874597, -73.639718, -73.343124, -73.34474, -73.338979, -73.379822, -73.365678, -73.34201248395, -73.33443, -73.357671, -73.36556, -73.389966, -73.367275, -73.3626828127438, -73.3479832324265, -73.463838, -73.496604, -73.669281, -73.909687, -73.966148, -73.986382, -74.0274312115718, 44.9973653643332, 45.001223, 45.003464, 45.01084, 44.970468, 44.917681, 44.857037, 44.826451, 44.808075538661, 44.802188, 44.751018, 44.700297, 44.61962, 44.567545, 44.5624552216867, 
44.546162853597, 44.537681, 44.486081, 44.441355, 44.429699, 44.709118, 44.707773, 44.9973653643332)))"
36,119,00974157,0500000US36119,36119,Westchester,Westchester County,NY,New York,06,1115568257,179637627,"list(list(c(-73.982532, -73.780334, -73.5441352908263, -73.550961, -73.482709, -73.6959358021696, -73.727775, -73.659533, -73.659362, -73.6573740092614, -73.657336, -73.697974, -73.756776, -73.766276, -73.7411972449486, -73.74806, -73.824047, -73.851123, -73.9204843942222, -73.90728, -73.893979, -73.893579, -73.88748, -73.970784, -73.982532, 41.321824, 41.342647, 41.3664850865317, 41.295422, 41.21276, 41.1152554569041, 41.100696, 41.017857, 41.004034, 40.9855248838592, 40.985171, 40.939598, 40.912599, 
40.881099, 40.8758545928374, 40.871721, 40.889866, 40.910009, 40.9185742549309, 40.951498, 40.997197, 41.005297, 41.138295, 41.247893, 41.321824)))"
36,023,00974110,0500000US36023,36023,Cortland,Cortland County,NY,New York,06,1291817953,7110638,"list(list(c(-76.274673, -75.896079, -75.889832, -75.86402, -76.021374, -76.130181, -76.253359, -76.265584, -76.274673, 42.771257, 42.790964, 42.723844, 42.415702, 42.409008, 42.410337, 42.407568, 42.623588, 42.771257)))"
36,101,00974148,0500000US36101,36101,Steuben,Steuben County,NY,New York,06,3601398422,35039875,"list(list(c(-77.722964, -77.720617, -77.661315, -77.659917, -77.490889, -77.455632, -77.366505, -77.143795, -77.107203, -77.099657, -76.965028, -76.9657915095295, -77.007635, -77.610020114476, -77.749932223724, -77.722964, 42.471216, 42.535066, 42.535067, 42.580409, 42.577288, 42.576895, 42.576368, 42.576869, 42.483771, 42.272356, 42.278495, 42.0007834917859, 42.000848, 41.9991498540796, 41.9987554366682, 42.471216)))"
36,093,00974144,0500000US36093,36093,Schenectady,Schenectady County,NY,New York,06,529862599,12594060,"list(list(c(-74.263314, -74.083883, -74.09298, -73.955458, -73.904386, -73.895938, -73.809369, -73.832618, -74.180274, -74.272295, -74.263314, 42.796534, 42.897354, 42.955868, 42.897306, 42.911163, 42.851076, 42.778869, 42.772263, 42.729979, 42.71427, 42.796534)))"
36,079,00974138,0500000US36079,36079,Putnam,Putnam County,NY,New York,06,596224258,41226168,"list(list(c(-73.981384, -73.947294, -73.981486, -73.933775, -73.673285, -73.579783, -73.5296777143013, -73.536969, -73.5431832079963, -73.5441352908263, -73.780334, -73.982532, -73.981384, 41.324693, 41.394765, 41.438905, 41.488279, 41.514701, 41.526461, 41.5271610211283, 41.441094, 41.3763973085168, 41.3664850865317, 41.342647, 41.321824, 41.324693)))"
36,045,00974121,0500000US36045,36045,Jefferson,Jefferson County,NY,New York,06,3285929042,1524605118,"list(list(c(-76.412138, -76.279314, -76.307674, -76.37556, -76.361836, -76.370706, -76.355679, -76.334584, -76.286547, -76.206777, -76.164265, -76.161833, -76.097351, -76.000998, -75.94954, -75.8612711928347, -75.446124, -75.545886, -75.484528, -75.542898, -75.60367, -75.758157, -75.84056, -75.850534, -75.786759, -75.774553, -76.025087, -76.022003, -76.2014825473857, -76.213205, -76.229268, -76.296758, -76.361037, -76.441848, -76.412138, 43.925676, 43.972462, 44.025277, 44.031536, 44.072721, 44.100499, 
44.133258, 44.164945, 44.203773, 44.214543, 44.239603, 44.280777, 44.299547, 44.347534, 44.349129, 44.4051920135031, 44.217655, 44.102978, 44.074172, 43.967795, 43.971363, 43.878785, 43.883976, 43.791886, 43.78832, 43.688884, 43.707018, 43.668143, 43.6802859602237, 43.753513, 43.804135, 43.857079, 43.872585, 43.882864, 43.925676)))"
36,049,00974123,0500000US36049,36049,Lewis,Lewis County,NY,New York,06,3301307189,39612949,"list(list(c(-75.84056, -75.758157, -75.60367, -75.542898, -75.484528, -75.545886, -75.446124, -75.170159, -75.11016, -75.5335, -75.756213, -75.774553, -75.786759, -75.850534, -75.84056, 43.883976, 43.878785, 43.971363, 43.967795, 44.074172, 44.102978, 44.217655, 44.096959, 43.615229, 43.419756, 43.470388, 43.688884, 43.78832, 43.791886, 43.883976)))"
36,027,00974112,0500000US36027,36027,Dutchess,Dutchess County,NY,New York,06,2060721458,76913171,"list(list(c(-74.000108, -73.953307, -73.941081, -73.964413, -73.929626, -73.71093, -73.527072, -73.4896799420321, -73.487314, -73.505008, -73.5179187906382, -73.520017, -73.5296777143013, -73.579783, -73.673285, -73.933775, -73.981486, -74.000108, 41.456549, 41.589977, 41.735993, 41.913148, 42.078778, 42.005488, 41.97798, 42.0537977095867, 42.049638, 41.823773, 41.66672053071, 41.641197, 41.5271610211283, 41.526461, 41.514701, 41.488279, 41.438905, 41.456549)))"
36,011,00974104,0500000US36011,36011,Cayuga,Cayuga County,NY,New York,06,1791190744,445707952,"list(list(c(-76.73674, -76.713806, -76.702324, -76.7220025657128, -76.684856, -76.630774, -76.6172137325776, -76.605012, -76.479224, -76.491941, -76.450738, -76.356974, -76.274673, -76.265584, -76.4584, -76.666543, -76.731636, -76.73674, 42.970286, 43.024035, 43.080159, 43.3375801959814, 43.352691, 43.413356, 43.4201755544656, 43.25357, 43.227519, 43.004964, 42.84576, 42.84945, 42.771257, 42.623588, 42.618615, 42.623457, 42.72074, 42.970286)))"
36,039,00974118,0500000US36039,36039,Greene,Greene County,NY,New York,06,1676140499,28201061,"list(list(c(-74.53731, -74.443506, -74.244692, -74.254303, -73.783721, -73.786832, -73.910675, -74.00245, -74.074797, -74.307571, -74.451713, -74.53731, 42.201424, 42.355017, 42.377159, 42.408207, 42.464231, 42.273007, 42.127293, 42.176992, 42.096589, 42.114346, 42.169225, 42.201424)))"
36,043,00974120,0500000US36043,36043,Herkimer,Herkimer County,NY,New York,06,3655871582,120356396,"list(list(c(-75.219106, -75.069165, -75.07066, -75.072161, -75.072826, -75.073494, -75.073787, -75.073748, -75.073529, -75.0728, -75.072006, -75.070597, -75.07014, -75.069959, -75.070264, -75.070654, -75.071492, -75.073002, -75.073673, -75.074489, -75.075285, -75.076818, -75.077593, -75.079434, -75.080889, -75.081266, -75.081823, -75.082566, -75.083933, -75.085241, -75.086798, -75.088129, -75.088627, -75.090899, -75.093113, -75.094075, -75.097724, -75.099952, -75.101268, -75.102443, -75.104119, -75.105415, 
-75.106606, -75.107536, -75.109574, -75.111136, -75.111954, -75.112965, -75.113685, -75.114188, -75.11539, -75.116653, -75.117704, -75.119068, -75.119722, -75.120563, -75.122197, -75.122684, -75.123096, -75.123342, -75.123191, -75.123622, -75.123725, -75.123923, -75.124326, -75.125467, -75.125966, -75.126325, -75.126848, -75.127571, -75.131792, -75.134887, -75.136398, -75.137101, -75.137661, -75.138019, -75.13885, -75.140883, -75.141946, -75.142336, -75.142703, -75.143185, -75.143828, -75.144426, 
-75.144744, -75.144841, -75.14525, -75.14552, -75.147288, -75.147996, -75.148566, -75.148717, -75.148548, -75.148207, -75.147907, -75.148243, -75.148609, -75.149341, -75.149769, -75.150974, -75.1516, -75.151813, -75.151581, -75.15143, -75.151296, -75.152468, -75.152983, -75.152904, -75.152504, -75.152785, -75.153453, -75.154246, -75.154759, -75.155066, -75.155362, -75.156681, -75.157553, -75.158403, -75.16035, -75.161886, -75.076581, -75.11016, -75.170159, -75.062779, -74.854171, -74.775617, -74.867712, 
-74.712615, -74.695985, -74.763614, -74.759895, -74.743805, -74.763303, -74.878822, -74.906738, -75.100999, -75.210642, -75.212158, -75.219106, 43.052469, 43.227333, 43.22739, 43.227622, 43.227894, 43.228657, 43.229505, 43.230394, 43.231072, 43.231673, 43.231921, 43.232234, 43.23257, 43.232952, 43.233622, 43.234037, 43.23448, 43.234817, 43.234791, 43.234622, 43.234332, 43.233382, 43.233035, 43.232047, 43.231763, 43.231566, 43.231121, 43.230798, 43.230538, 43.23047, 43.230506, 43.230466, 43.2305, 
43.230492, 43.230787, 43.231046, 43.232272, 43.233074, 43.233827, 43.234563, 43.235488, 43.236152, 43.23655, 43.236808, 43.237158, 43.237736, 43.238106, 43.238727, 43.239072, 43.239197, 43.238967, 43.238995, 43.239222, 43.239782, 43.240102, 43.2404, 43.240868, 43.241048, 43.241357, 43.241762, 43.242944, 43.244775, 43.245862, 43.2465, 43.246758, 43.247225, 43.247236, 43.247414, 43.247387, 43.247572, 43.247886, 43.248318, 43.2487, 43.24924, 43.249923, 43.250069, 43.251063, 43.251792, 43.2527, 43.253667, 
43.255001, 43.255174, 43.255198, 43.25504, 43.254583, 43.253089, 43.252387, 43.252219, 43.251991, 43.251412, 43.250542, 43.250069, 43.249649, 43.249169, 43.248469, 43.247345, 43.247033, 43.246727, 43.246682, 43.246903, 43.247437, 43.24807, 43.250069, 43.250352, 43.251866, 43.253623, 43.25497, 43.256355, 43.257811, 43.258328, 43.258718, 43.258649, 43.257975, 43.257097, 43.256688, 43.255844, 43.255562, 43.25554, 43.255805, 43.257349, 43.330705, 43.615229, 44.096959, 44.0504, 44.070089, 43.486677, 43.339826, 
43.286143, 43.174177, 43.057962, 43.047423, 43.030741, 42.863237, 42.898274, 42.824943, 42.908363, 42.856549, 42.879973, 43.052469)))"
36,025,00974111,0500000US36025,36025,Delaware,Delaware County,NY,New York,06,3736306657,64163829,"list(list(c(-75.415319, -75.197237, -74.844121, -74.71158, -74.618895, -74.443506, -74.53731, -74.451713, -74.530985, -74.780693, -75.1452931756179, -75.190203, -75.263005, -75.291762, -75.341125, -75.3599310768702, -75.402239, -75.418421, -75.415319, 42.314151, 42.358329, 42.512591, 42.517799, 42.424389, 42.355017, 42.201424, 42.169225, 42.146475, 42.016375, 41.8497375185041, 41.862454, 41.885109, 41.947092, 41.992772, 41.9936893594868, 42.010699, 42.195032, 42.314151)))"
36,071,00974134,0500000US36071,36071,Orange,Orange County,NY,New York,06,2103893102,68032228,"list(list(c(-74.761435, -74.475619, -74.367055, -74.264292, -74.053685, -73.953307, -74.000108, -73.981486, -73.947294, -73.981384, -74.2343628312304, -74.234473, -74.301994, -74.3670382614474, -74.457584, -74.694914, -74.734893, -74.7562718347252, -74.761435, 41.490245, 41.503953, 41.590977, 41.632629, 41.58061, 41.589977, 41.456549, 41.438905, 41.394765, 41.324693, 41.1428352715346, 41.142883, 41.172594, 41.2042114724438, 41.248225, 41.357423, 41.425818, 41.4276274285434, 41.490245)))"
36,033,00974115,0500000US36033,36033,Franklin,Franklin County,NY,New York,06,4219857155,176622254,"list(list(c(-74.611048, -74.436934, -74.234136, -74.0274312115718, -73.986382, -73.966148, -73.909687, -74.141424, -74.09349, -74.28187, -74.535156, -74.525683, -74.6447393198257, -74.611048, 44.999203, 44.996177, 44.992148, 44.9973653643332, 44.707773, 44.709118, 44.429699, 44.407268, 44.137615, 44.120552, 44.09925, 44.170636, 44.9970275604167, 44.999203)))"
36,007,00974102,0500000US36007,36007,Broome,Broome County,NY,New York,06,1827594819,25109986,"list(list(c(-76.130181, -76.021374, -75.86402, -75.836502, -75.638299, -75.63711, -75.483638, -75.418421, -75.402239, -75.3599310768702, -75.477144, -75.4831402165408, -75.5531194388128, -75.870677, -76.10584, -76.104829, -76.108949, -76.080666, -76.130181, 42.410337, 42.409008, 42.415702, 42.244283, 42.248686, 42.195628, 42.195183, 42.195032, 42.010699, 41.9936893594868, 41.999407, 41.9993981778443, 41.999295218322, 41.998828, 41.998858, 42.031568, 42.074574, 42.257985, 42.410337)))"
36,115,00974155,0500000US36115,36115,Washington,Washington County,NY,New York,06,2152713650,38126949,"list(list(c(-73.636651, -73.49291, -73.43812, -73.3825261495399, -73.350707, -73.3611071516843, -73.393723, -73.414546, -73.424977, -73.395767, -73.327702, -73.292113, -73.242042, -73.252832, -73.2553558380576, -73.26978, -73.2700087311636, -73.273832807021, -73.430623, -73.635463, -73.577876, -73.59496, -73.636651, 43.497242, 43.657139, 43.803687, 43.8081589885495, 43.770463, 43.7532334572839, 43.6992, 43.658209, 43.598775, 43.568087, 43.625913, 43.584509, 43.534925, 43.363493, 43.3147123986, 43.035923, 
43.0307142926875, 42.9436317475265, 42.95865, 42.94129, 43.056888, 43.306118, 43.497242)))"
36,097,00974146,0500000US36097,36097,Schuyler,Schuyler County,NY,New York,06,850405404,36246373,"list(list(c(-77.107203, -76.989329, -76.987913, -76.889805, -76.895596, -76.696655, -76.691406, -76.619303, -76.642256, -76.732677, -76.733912, -76.965028, -77.099657, -77.107203, 42.483771, 42.484821, 42.463239, 42.463054, 42.541537, 42.54679, 42.284307, 42.282853, 42.233721, 42.248052, 42.29372, 42.278495, 42.272356, 42.483771)))"
36,029,00974113,0500000US36029,36029,Erie,Erie County,NY,New York,06,2700660508,476879106,"list(list(c(-79.111361, -79.06376, -79.04886, -78.972378, -78.904843, -78.851355, -78.8568849923499, -78.865656, -78.882557, -78.912458, -78.909159, -78.927957, -78.961761, -79.019964, -79.00545, -79.018246, -79.0195778848943, -78.945262, -78.90586, -78.89326, -78.890159, -78.868756, -78.83935, -78.825366, -78.83126, -78.744015, -78.727647, -78.603989, -78.510384, -78.464449, -78.464381, -78.486249, -78.463233, -78.46394, -78.695937, -78.919766, -78.991702, -79.060777, -79.107778, -79.1359444040216, 
-79.111361, 42.613358, 42.644758, 42.689158, 42.715991, 42.746121, 42.791758, 42.8052919998773, 42.826758, 42.867258, 42.886557, 42.933257, 42.952922, 42.957756, 42.994756, 43.057231, 43.066016, 43.0662964678904, 43.066956, 43.051556, 43.038756, 43.021956, 43.023262, 43.019453, 43.033656, 43.050246, 43.070376, 43.08622, 43.072025, 43.097958, 43.088703, 42.867461, 42.85733, 42.780461, 42.536332, 42.47194, 42.442386, 42.529249, 42.537853, 42.569965, 42.5691787099736, 42.613358)))"
36,047,00974122,0500000US36047,36047,Kings,Kings County,NY,New York,06,179684485,71158757,"list(list(c(-74.067720330319, -74.047313, -74.0470400238482, -74.0411562443035, -74.0309270856838, -73.965572, -73.962645, -73.962478, -73.923127, -73.922711, -73.896518, -73.879616, -73.868717, -73.863787, -73.848338, -73.8254940011311, -73.940591, -73.9737917702446, -73.991346, -74.0365576544541, -74.0379705239158, -74.041393, -74.05663, -74.055749, -74.0710905992629, -74.067720330319, 40.6703805942446, 40.690466, 40.6910044377047, 40.7026100257088, 40.7227867504936, 40.71895, 40.722747, 40.736802, 
40.717024, 40.716478, 40.682397, 40.691106, 40.694622, 40.681114, 40.643521, 40.5761495789939, 40.542896, 40.5608547025179, 40.57035, 40.5889884137416, 40.5895708663395, 40.603106, 40.627287, 40.651476, 40.6670634911162, 40.6703805942446)))"
36,111,00974153,0500000US36111,36111,Ulster,Ulster County,NY,New York,06,2911757764,94596811,"list(list(c(-74.530985, -74.451713, -74.307571, -74.074797, -74.00245, -73.910675, -73.929626, -73.964413, -73.941081, -73.953307, -74.053685, -74.264292, -74.367055, -74.395071, -74.575086, -74.453685, -74.780693, -74.530985, 42.146475, 42.169225, 42.114346, 42.096589, 42.176992, 42.127293, 42.078778, 41.913148, 41.735993, 41.589977, 41.58061, 41.632629, 41.590977, 41.644876, 41.745258, 41.875595, 42.016375, 42.146475)))"
36,089,00977309,0500000US36089,36089,St. Lawrence,St. Lawrence County,NY,New York,06,6939914687,367260873,"list(list(c(-75.834126, -75.807778, -75.76623, -75.567413, -75.423943, -75.333744, -75.255517, -75.142958, -75.066245, -75.005155, -74.992756, -74.907956, -74.834669, -74.74464, -74.725813431619, -74.6447393198257, -74.525683, -74.535156, -74.854171, -75.062779, -75.170159, -75.446124, -75.8612711928347, -75.834126, 44.422433, 44.471644, 44.515851, 44.658709, 44.756329, 44.806378, 44.857651, 44.900237, 44.930174, 44.958402, 44.977449, 44.983359, 45.014683, 44.990577, 44.9917926265259, 44.9970275604167, 
44.170636, 44.09925, 44.070089, 44.0504, 44.096959, 44.217655, 44.4051920135031, 44.422433)))"
36,055,00974126,0500000US36055,36055,Monroe,Monroe County,NY,New York,06,1701475181,1838271361,"list(list(c(-77.995698, -77.9955897949384, -77.994838, -77.816533, -77.8082634096072, -77.760231, -77.660359, -77.551022, -77.50092, -77.3760519959534, -77.371478, -77.485418, -77.482517, -77.580377, -77.759052, -77.730957, -77.909832, -77.904121, -77.905934, -77.99729, -77.995698, 43.284963, 43.3653102556776, 43.365259, 43.34356, 43.3432076368983, 43.341161, 43.282998, 43.235763, 43.250363, 43.274033763487, 43.034696, 43.034564, 42.943164, 42.943963, 42.940462, 42.988372, 42.987762, 43.037056, 43.133561, 
43.132981, 43.284963)))"
